<?xml version="1.0" encoding="UTF-8"?>
<beans xmlns="http://www.springframework.org/schema/beans"
       xmlns:xsi="http://www.w3.org/2001/XMLSchema-instance"
       xmlns:context="http://www.springframework.org/schema/context"
       xmlns:aop="http://www.springframework.org/schema/aop"
       xmlns:tx="http://www.springframework.org/schema/tx"
       xsi:schemaLocation="http://www.springframework.org/schema/beans
    http://www.springframework.org/schema/beans/spring-beans-3.1.xsd
    http://www.springframework.org/schema/context
    http://www.springframework.org/schema/context/spring-context-3.1.xsd
    http://www.springframework.org/schema/aop
    http://www.springframework.org/schema/aop/spring-aop-3.1.xsd
    http://www.springframework.org/schema/tx
    http://www.springframework.org/schema/tx/spring-tx-3.1.xsd">


    <bean id="memCachedPool" class="com.danga.MemCached.SockIOPool" factory-method="getInstance" init-method="initialize" lazy-init="false" destroy-method="shutDown">
        <constructor-arg value="memCachedPool"/>
        <!-- 可以设置多个memcached服务器 -->
        <property name="servers">
            <list>
                <value>${memcached.services}</value>
            </list>
        </property>
        <!-- 每个服务器初始连接数 -->
        <property name="initConn" value="${memcached.initConn}"/>
        <!-- 每个服务器最小连接数 -->
        <property name="minConn" value="${memcached.minConn}"/>
        <!-- 每个服务器最大连接数 -->
        <property name="maxConn" value="${memcached.maxConn}"/>
        <!-- 主线程睡眠时间 -->
        <property name="maintSleep" value="${memcached.maintSleep}"/>
        <!-- TCP/Socket的参数，如果是true在写数据时不缓冲，立即发送出去参数 -->
        <property name="nagle" value="${memcached.nagle}"/>
        <!-- 连接超时/阻塞读取数据的超时间是 -->
        <property name="socketTO" value="${memcached.socketTO}"/>
    </bean>


    <bean id="memCachedClient" class="com.danga.MemCached.MemCachedClient">
        <constructor-arg value="memCachedPool"/>
    </bean>



</beans>